<?xml version="1.0" encoding="UTF-8" standalone="no"?>
<?fileVersion 4.0.0?><cproject storage_type_id="org.eclipse.cdt.core.XmlProjectDescriptionStorage">
	<storageModule moduleId="org.eclipse.cdt.core.settings">
		<cconfiguration id="fr.ac6.managedbuild.config.gnu.cross.exe.debug.2014250869">
			<storageModule buildSystemId="org.eclipse.cdt.managedbuilder.core.configurationDataProvider" id="fr.ac6.managedbuild.config.gnu.cross.exe.debug.2014250869" moduleId="org.eclipse.cdt.core.settings" name="Debug">
				<externalSettings/>
				<extensions>
					<extension id="org.eclipse.cdt.core.ELF" point="org.eclipse.cdt.core.BinaryParser"/>
					<extension id="org.eclipse.cdt.core.GASErrorParser" point="org.eclipse.cdt.core.ErrorParser"/>
					<extension id="org.eclipse.cdt.core.GmakeErrorParser" point="org.eclipse.cdt.core.ErrorParser"/>
					<extension id="org.eclipse.cdt.core.GLDErrorParser" point="org.eclipse.cdt.core.ErrorParser"/>
					<extension id="org.eclipse.cdt.core.CWDLocator" point="org.eclipse.cdt.core.ErrorParser"/>
					<extension id="org.eclipse.cdt.core.GCCErrorParser" point="org.eclipse.cdt.core.ErrorParser"/>
				</extensions>
			</storageModule>
			<storageModule moduleId="cdtBuildSystem" version="4.0.0">
				<configuration artifactExtension="elf" artifactName="${ProjName}" buildArtefactType="org.eclipse.cdt.build.core.buildArtefactType.exe" buildProperties="org.eclipse.cdt.build.core.buildArtefactType=org.eclipse.cdt.build.core.buildArtefactType.exe,org.eclipse.cdt.build.core.buildType=org.eclipse.cdt.build.core.buildType.debug" cleanCommand="rm -rf" description="" id="fr.ac6.managedbuild.config.gnu.cross.exe.debug.2014250869" name="Debug" parent="fr.ac6.managedbuild.config.gnu.cross.exe.debug" postannouncebuildStep="Generating binary and Printing size information:" postbuildStep="arm-none-eabi-objcopy -O binary &quot;${BuildArtifactFileBaseName}.elf&quot; &quot;${BuildArtifactFileBaseName}.bin&quot;; arm-none-eabi-size &quot;${BuildArtifactFileName}&quot;">
					<folderInfo id="fr.ac6.managedbuild.config.gnu.cross.exe.debug.2014250869." name="/" resourcePath="">
						<toolChain id="fr.ac6.managedbuild.toolchain.gnu.cross.exe.debug.555333588" name="Ac6 STM32 MCU GCC" superClass="fr.ac6.managedbuild.toolchain.gnu.cross.exe.debug">
							<option id="fr.ac6.managedbuild.option.gnu.cross.mcu.524146029" name="Mcu" superClass="fr.ac6.managedbuild.option.gnu.cross.mcu" value="STM32L476RGTx" valueType="string"/>
							<option id="fr.ac6.managedbuild.option.gnu.cross.fpu.508884063" name="Floating point hardware" superClass="fr.ac6.managedbuild.option.gnu.cross.fpu" value="fr.ac6.managedbuild.option.gnu.cross.fpu.fpv4-sp-d16" valueType="enumerated"/>
							<option id="fr.ac6.managedbuild.option.gnu.cross.floatabi.1444315382" name="Floating-point ABI" superClass="fr.ac6.managedbuild.option.gnu.cross.floatabi" value="fr.ac6.managedbuild.option.gnu.cross.floatabi.hard" valueType="enumerated"/>
							<option id="fr.ac6.managedbuild.option.gnu.cross.board.1716792169" name="Board" superClass="fr.ac6.managedbuild.option.gnu.cross.board" value="NUCLEO-L476RG" valueType="string"/>
							<targetPlatform archList="all" binaryParser="org.eclipse.cdt.core.ELF" id="fr.ac6.managedbuild.targetPlatform.gnu.cross.1245755243" isAbstract="false" osList="all" superClass="fr.ac6.managedbuild.targetPlatform.gnu.cross"/>
							<builder buildPath="${workspace_loc:/Lab4}/Debug" id="fr.ac6.managedbuild.builder.gnu.cross.1727204814" keepEnvironmentInBuildfile="false" managedBuildOn="true" name="Gnu Make Builder" parallelBuildOn="true" parallelizationNumber="optimal" superClass="fr.ac6.managedbuild.builder.gnu.cross"/>
							<tool id="fr.ac6.managedbuild.tool.gnu.cross.c.compiler.1373778999" name="MCU GCC Compiler" superClass="fr.ac6.managedbuild.tool.gnu.cross.c.compiler">
								<option id="fr.ac6.managedbuild.gnu.c.compiler.option.optimization.level.633329365" name="Optimization Level" superClass="fr.ac6.managedbuild.gnu.c.compiler.option.optimization.level" useByScannerDiscovery="false"/>
								<option id="gnu.c.compiler.option.debugging.level.54793444" name="Debug Level" superClass="gnu.c.compiler.option.debugging.level" useByScannerDiscovery="false" value="gnu.c.debugging.level.max" valueType="enumerated"/>
								<option id="gnu.c.compiler.option.preprocessor.def.symbols.450434903" name="Defined symbols (-D)" superClass="gnu.c.compiler.option.preprocessor.def.symbols" useByScannerDiscovery="false" valueType="definedSymbols">
									<listOptionValue builtIn="false" value="STM32"/>
									<listOptionValue builtIn="false" value="STM32L4"/>
									<listOptionValue builtIn="false" value="STM32L476RGTx"/>
									<listOptionValue builtIn="false" value="NUCLEO_L476RG"/>
									<listOptionValue builtIn="false" value="DEBUG"/>
								</option>
								<inputType id="fr.ac6.managedbuild.tool.gnu.cross.c.compiler.input.c.962894845" superClass="fr.ac6.managedbuild.tool.gnu.cross.c.compiler.input.c"/>
								<inputType id="fr.ac6.managedbuild.tool.gnu.cross.c.compiler.input.s.462810601" superClass="fr.ac6.managedbuild.tool.gnu.cross.c.compiler.input.s"/>
							</tool>
							<tool id="fr.ac6.managedbuild.tool.gnu.cross.cpp.compiler.23636667" name="MCU G++ Compiler" superClass="fr.ac6.managedbuild.tool.gnu.cross.cpp.compiler">
								<option id="fr.ac6.managedbuild.gnu.cpp.compiler.option.optimization.level.147218665" name="Optimization Level" superClass="fr.ac6.managedbuild.gnu.cpp.compiler.option.optimization.level" useByScannerDiscovery="false"/>
								<option id="gnu.cpp.compiler.option.debugging.level.1215711506" name="Debug Level" superClass="gnu.cpp.compiler.option.debugging.level" useByScannerDiscovery="false" value="gnu.cpp.compiler.debugging.level.max" valueType="enumerated"/>
							</tool>
							<tool id="fr.ac6.managedbuild.tool.gnu.cross.c.linker.1928278589" name="MCU GCC Linker" superClass="fr.ac6.managedbuild.tool.gnu.cross.c.linker">
								<inputType id="cdt.managedbuild.tool.gnu.c.linker.input.939026908" superClass="cdt.managedbuild.tool.gnu.c.linker.input">
									<additionalInput kind="additionalinputdependency" paths="$(USER_OBJS)"/>
									<additionalInput kind="additionalinput" paths="$(LIBS)"/>
								</inputType>
							</tool>
							<tool id="fr.ac6.managedbuild.tool.gnu.cross.cpp.linker.1101461035" name="MCU G++ Linker" superClass="fr.ac6.managedbuild.tool.gnu.cross.cpp.linker"/>
							<tool id="fr.ac6.managedbuild.tool.gnu.archiver.17705682" name="MCU GCC Archiver" superClass="fr.ac6.managedbuild.tool.gnu.archiver"/>
							<tool id="fr.ac6.managedbuild.tool.gnu.cross.assembler.1078104805" name="MCU GCC Assembler" superClass="fr.ac6.managedbuild.tool.gnu.cross.assembler">
								<inputType id="cdt.managedbuild.tool.gnu.assembler.input.1655461039" superClass="cdt.managedbuild.tool.gnu.assembler.input"/>
								<inputType id="fr.ac6.managedbuild.tool.gnu.cross.assembler.input.2101591453" superClass="fr.ac6.managedbuild.tool.gnu.cross.assembler.input"/>
							</tool>
						</toolChain>
					</folderInfo>
					<sourceEntries>
						<entry flags="VALUE_WORKSPACE_PATH|RESOLVED" kind="sourcePath" name="src"/>
						<entry flags="VALUE_WORKSPACE_PATH|RESOLVED" kind="sourcePath" name="startup"/>
					</sourceEntries>
				</configuration>
			</storageModule>
			<storageModule moduleId="org.eclipse.cdt.core.externalSettings"/>
		</cconfiguration>
		<cconfiguration id="fr.ac6.managedbuild.config.gnu.cross.exe.release.298471035">
			<storageModule buildSystemId="org.eclipse.cdt.managedbuilder.core.configurationDataProvider" id="fr.ac6.managedbuild.config.gnu.cross.exe.release.298471035" moduleId="org.eclipse.cdt.core.settings" name="Release">
				<externalSettings/>
				<extensions>
					<extension id="org.eclipse.cdt.core.ELF" point="org.eclipse.cdt.core.BinaryParser"/>
					<extension id="org.eclipse.cdt.core.GASErrorParser" point="org.eclipse.cdt.core.ErrorParser"/>
					<extension id="org.eclipse.cdt.core.GmakeErrorParser" point="org.eclipse.cdt.core.ErrorParser"/>
					<extension id="org.eclipse.cdt.core.GLDErrorParser" point="org.eclipse.cdt.core.ErrorParser"/>
					<extension id="org.eclipse.cdt.core.CWDLocator" point="org.eclipse.cdt.core.ErrorParser"/>
					<extension id="org.eclipse.cdt.core.GCCErrorParser" point="org.eclipse.cdt.core.ErrorParser"/>
				</extensions>
			</storageModule>
			<storageModule moduleId="cdtBuildSystem" version="4.0.0">
				<configuration artifactExtension="elf" artifactName="${ProjName}" buildArtefactType="org.eclipse.cdt.build.core.buildArtefactType.exe" buildProperties="org.eclipse.cdt.build.core.buildArtefactType=org.eclipse.cdt.build.core.buildArtefactType.exe,org.eclipse.cdt.build.core.buildType=org.eclipse.cdt.build.core.buildType.release" cleanCommand="rm -rf" description="" id="fr.ac6.managedbuild.config.gnu.cross.exe.release.298471035" name="Release" parent="fr.ac6.managedbuild.config.gnu.cross.exe.release" postannouncebuildStep="Generating binary and Printing size information:" postbuildStep="arm-none-eabi-objcopy -O binary &quot;${BuildArtifactFileBaseName}.elf&quot; &quot;${BuildArtifactFileBaseName}.bin&quot;; arm-none-eabi-size -B &quot;${BuildArtifactFileName}&quot;">
					<folderInfo id="fr.ac6.managedbuild.config.gnu.cross.exe.release.298471035." name="/" resourcePath="">
						<toolChain id="fr.ac6.managedbuild.toolchain.gnu.cross.exe.release.2103549008" name="Ac6 STM32 MCU GCC" superClass="fr.ac6.managedbuild.toolchain.gnu.cross.exe.release">
							<option id="fr.ac6.managedbuild.option.gnu.cross.mcu.1614079821" name="Mcu" superClass="fr.ac6.managedbuild.option.gnu.cross.mcu" value="STM32L476RGTx" valueType="string"/>
							<option id="fr.ac6.managedbuild.option.gnu.cross.fpu.1399572297" name="Floating point hardware" superClass="fr.ac6.managedbuild.option.gnu.cross.fpu" value="fr.ac6.managedbuild.option.gnu.cross.fpu.fpv4-sp-d16" valueType="enumerated"/>
							<option id="fr.ac6.managedbuild.option.gnu.cross.floatabi.1289131570" name="Floating-point ABI" superClass="fr.ac6.managedbuild.option.gnu.cross.floatabi" value="fr.ac6.managedbuild.option.gnu.cross.floatabi.hard" valueType="enumerated"/>
							<option id="fr.ac6.managedbuild.option.gnu.cross.board.698628598" name="Board" superClass="fr.ac6.managedbuild.option.gnu.cross.board" value="NUCLEO-L476RG" valueType="string"/>
							<targetPlatform archList="all" binaryParser="org.eclipse.cdt.core.ELF" id="fr.ac6.managedbuild.targetPlatform.gnu.cross.739461931" isAbstract="false" osList="all" superClass="fr.ac6.managedbuild.targetPlatform.gnu.cross"/>
							<builder buildPath="${workspace_loc:/Lab4}/Release" id="fr.ac6.managedbuild.builder.gnu.cross.1169288455" keepEnvironmentInBuildfile="false" managedBuildOn="true" name="Gnu Make Builder" parallelBuildOn="true" parallelizationNumber="optimal" superClass="fr.ac6.managedbuild.builder.gnu.cross"/>
							<tool id="fr.ac6.managedbuild.tool.gnu.cross.c.compiler.96743746" name="MCU GCC Compiler" superClass="fr.ac6.managedbuild.tool.gnu.cross.c.compiler">
								<option id="fr.ac6.managedbuild.gnu.c.compiler.option.optimization.level.312829912" name="Optimization Level" superClass="fr.ac6.managedbuild.gnu.c.compiler.option.optimization.level" useByScannerDiscovery="false" value="fr.ac6.managedbuild.gnu.c.optimization.level.most" valueType="enumerated"/>
								<option id="gnu.c.compiler.option.debugging.level.1285538643" name="Debug Level" superClass="gnu.c.compiler.option.debugging.level" useByScannerDiscovery="false" value="gnu.c.debugging.level.none" valueType="enumerated"/>
								<option id="gnu.c.compiler.option.preprocessor.def.symbols.911618568" name="Defined symbols (-D)" superClass="gnu.c.compiler.option.preprocessor.def.symbols" useByScannerDiscovery="false" valueType="definedSymbols">
									<listOptionValue builtIn="false" value="STM32"/>
									<listOptionValue builtIn="false" value="STM32L4"/>
									<listOptionValue builtIn="false" value="STM32L476RGTx"/>
									<listOptionValue builtIn="false" value="NUCLEO_L476RG"/>
								</option>
								<inputType id="fr.ac6.managedbuild.tool.gnu.cross.c.compiler.input.c.1254291826" superClass="fr.ac6.managedbuild.tool.gnu.cross.c.compiler.input.c"/>
								<inputType id="fr.ac6.managedbuild.tool.gnu.cross.c.compiler.input.s.1216719081" superClass="fr.ac6.managedbuild.tool.gnu.cross.c.compiler.input.s"/>
							</tool>
							<tool id="fr.ac6.managedbuild.tool.gnu.cross.cpp.compiler.901360578" name="MCU G++ Compiler" superClass="fr.ac6.managedbuild.tool.gnu.cross.cpp.compiler">
								<option id="fr.ac6.managedbuild.gnu.cpp.compiler.option.optimization.level.1130561805" name="Optimization Level" superClass="fr.ac6.managedbuild.gnu.cpp.compiler.option.optimization.level" useByScannerDiscovery="false" value="fr.ac6.managedbuild.gnu.cpp.optimization.level.most" valueType="enumerated"/>
								<option id="gnu.cpp.compiler.option.debugging.level.39863791" name="Debug Level" superClass="gnu.cpp.compiler.option.debugging.level" useByScannerDiscovery="false" value="gnu.cpp.compiler.debugging.level.none" valueType="enumerated"/>
							</tool>
							<tool id="fr.ac6.managedbuild.tool.gnu.cross.c.linker.927764772" name="MCU GCC Linker" superClass="fr.ac6.managedbuild.tool.gnu.cross.c.linker">
								<inputType id="cdt.managedbuild.tool.gnu.c.linker.input.668521960" superClass="cdt.managedbuild.tool.gnu.c.linker.input">
									<additionalInput kind="additionalinputdependency" paths="$(USER_OBJS)"/>
									<additionalInput kind="additionalinput" paths="$(LIBS)"/>
								</inputType>
							</tool>
							<tool id="fr.ac6.managedbuild.tool.gnu.cross.cpp.linker.1038640676" name="MCU G++ Linker" superClass="fr.ac6.managedbuild.tool.gnu.cross.cpp.linker"/>
							<tool id="fr.ac6.managedbuild.tool.gnu.archiver.1275929455" name="MCU GCC Archiver" superClass="fr.ac6.managedbuild.tool.gnu.archiver"/>
							<tool id="fr.ac6.managedbuild.tool.gnu.cross.assembler.exe.release.1290988310" name="MCU GCC Assembler" superClass="fr.ac6.managedbuild.tool.gnu.cross.assembler.exe.release">
								<inputType id="cdt.managedbuild.tool.gnu.assembler.input.1194460442" superClass="cdt.managedbuild.tool.gnu.assembler.input"/>
								<inputType id="fr.ac6.managedbuild.tool.gnu.cross.assembler.input.164498029" superClass="fr.ac6.managedbuild.tool.gnu.cross.assembler.input"/>
							</tool>
						</toolChain>
					</folderInfo>
					<sourceEntries>
						<entry flags="VALUE_WORKSPACE_PATH|RESOLVED" kind="sourcePath" name="src"/>
						<entry flags="VALUE_WORKSPACE_PATH|RESOLVED" kind="sourcePath" name="startup"/>
					</sourceEntries>
				</configuration>
			</storageModule>
			<storageModule moduleId="org.eclipse.cdt.core.externalSettings"/>
		</cconfiguration>
	</storageModule>
	<storageModule moduleId="cdtBuildSystem" version="4.0.0">
		<project id="Lab4.fr.ac6.managedbuild.target.gnu.cross.exe.1660579808" name="Executable" projectType="fr.ac6.managedbuild.target.gnu.cross.exe"/>
	</storageModule>
	<storageModule moduleId="scannerConfiguration">
		<autodiscovery enabled="true" problemReportingEnabled="true" selectedProfileId=""/>
		<scannerConfigBuildInfo instanceId="fr.ac6.managedbuild.config.gnu.cross.exe.debug.2014250869;fr.ac6.managedbuild.config.gnu.cross.exe.debug.2014250869.;fr.ac6.managedbuild.tool.gnu.cross.c.compiler.1373778999;fr.ac6.managedbuild.tool.gnu.cross.c.compiler.input.c.962894845">
			<autodiscovery enabled="false" problemReportingEnabled="true" selectedProfileId=""/>
		</scannerConfigBuildInfo>
		<scannerConfigBuildInfo instanceId="fr.ac6.managedbuild.config.gnu.cross.exe.release.298471035;fr.ac6.managedbuild.config.gnu.cross.exe.release.298471035.;fr.ac6.managedbuild.tool.gnu.cross.c.compiler.96743746;fr.ac6.managedbuild.tool.gnu.cross.c.compiler.input.c.1254291826">
			<autodiscovery enabled="false" problemReportingEnabled="true" selectedProfileId=""/>
		</scannerConfigBuildInfo>
	</storageModule>
	<storageModule moduleId="org.eclipse.cdt.core.LanguageSettingsProviders"/>
	<storageModule moduleId="org.eclipse.cdt.make.core.buildtargets"/>
</cproject>
